{
  "project_info": {
    "project_number": "332927454646",
    "project_id": "test-eb116",
    "storage_bucket": "test-eb116.appspot.com"
  },
  "client": [
    {
      "client_info": {
        "mobilesdk_app_id": "1:332927454646:android:ba20a723c1b79dc4d9c517",
        "android_client_info": {
          "package_name": "com.jolmonak.test"
        }
      },
      "oauth_client": [],
      "api_key": [
        {
          "current_key": "AIzaSyAmQVhOejTQHdTepya3AnwE4-VvHYOI4Tk"
        }
      ],
      "services": {
        "appinvite_service": {
          "other_platform_oauth_client": []
        }
      }
    }
  ],
  "configuration_version": "1"
}